编号,类别,标题,文号/编号,机构/来源,年份,语言,状态,本地文件,来源URL,与课题关联说明,移除原因/备注
BZ01,标准规范,城市给水工程规划规范,GB 50282-2016,住建部/国家标准,2016,中文,已保存,BZ01_GB50282-2016_城市给水工程规划规范.pdf,https://zrzyt.xinjiang.gov.cn/xjgtzy/tzgg/202311/f1bc95ce98e74f90bd91b78d8a354461/files/13-《城市给水工程规划规范》（GB50282-2016）.pdf,城市供水规划核心规范：应急/备用水源、给水设施供电等级(一级负荷)、与供电系统安全保障衔接,
BZ02,标准规范,电力系统安全稳定导则,GB 38755-2019,国家能源局归口,2019,中文,仅在线阅读,(未存;gb688下载接口需浏览器会话),https://c.gb688.cn/bzgk/gb/showGb?type=download&hcno=1D988D54A435E864E67CAA13217E8A99,电力系统'三道防线'、防止连锁故障与大停电的国家标准依据,"沙箱反爬受阻,建议本机浏览器下载"
BZ03,标准规范,室外给水排水和燃气热力工程抗震设计规范,GB 50032-2003,住建部,2003,中文,仅在线阅读,(未存;全文浏览页),https://www.yuanlin8.com/guifan/jiegou/6a96a89c.html,生命线工程抗震设计：给水管网/泵房/水塔抗震要求,
BZ04,标准规范,城市基础设施公共安全监测通用技术规范,GB/T 45791-2025,TC351(全国公共安全基础标委会),2025,中文,待获取,(未存;详情页),https://std.samr.gov.cn/gb/search/gbDetailed?id=36DE96AA3F01CD71E06397BE0A0A23D9,"城市生命线(含供水/供电)安全监测首个通用国标,'合肥模式'标准化,2025-09-01实施",
BZ05,标准规范,Sustainable cities — Indicators for city services / resilient cities / guidance,"ISO 37120:2018, ISO 37123:2019, ISO 37124:2024",ISO/TC 268,2018-2024,英文,需购买,(未存),https://www.iso.org/news/ref2464.html,城市服务与韧性指标国际标准(含水/电服务中断与韧性度量),三条ISO合并为一条目
ZC01,政策文件,关于推进新型城市基础设施建设打造韧性城市的意见,中办、国办(2024-11-26),中共中央办公厅/国务院办公厅,2024,中文,已保存(HTML+TXT),ZC01_2024_中办国办_推进新型城市基础设施建设打造韧性城市的意见.html/.txt,https://www.gov.cn/zhengce/202412/content_6991171.htm,韧性城市顶层政策：生命线安全工程、供水/供电市政设施数字化改造、监测预警与应急处置,
ZC02,政策文件,国家大面积停电事件应急预案,国办函〔2015〕134号,国务院办公厅,2015,中文,已保存(HTML+TXT),ZC02_2015_国家大面积停电事件应急预案_国办函134号.html/.txt,http://www.nea.gov.cn/2015-11/26/c_134858359.htm,"大停电分级响应与恢复次序,明确'维护供水、供气、供热等设施正常运行'——电→水级联国家级应对",
ZC03,政策文件,Presidential Policy Directive 21: Critical Infrastructure Security and Resilience,PPD-21,The White House(美国),2013,英文,已保存,ZC03_2013_美国PPD-21关键基础设施安全与韧性总统政策指令.pdf,https://nsarchive.gwu.edu/document/21487-document-86,"美国关键基础设施政策基石：四大生命线功能(含电力、水),要求预判互依性与级联影响",
ZC05,政策文件,银川市城市供水事故应急预案,—,银川市政府,2023,中文,已保存,ZC05_银川市城市供水事故应急预案.pdf,https://www.yinchuan.gov.cn/xxgk/bmxxgkml/ycsszglj_38951/xxgkml_38954/zdgz_38964/202310/W020231009596508171760.pdf,市级供水突发事件预案实例：预警分级(含停电致因)、应急响应与保障,
ZC08,政策文件,国务院安委办《城市安全风险综合监测预警平台建设指南(2023版)》印发通知,安委办函〔2023〕145号,国务院安委会办公室,2023,中文,已保存(通知HTML+TXT;指南附件源站不可达),ZC08_2023_国务院安委办_城市安全风险综合监测预警平台建设指南_通知.html/.txt,https://www.gov.cn/zhengce/zhengceku/202311/content_6916861.htm,城市安全风险监测预警平台(含供水、电力子平台)建设国家指南,"附件PDF镜像(廊坊/深圳)沙箱不可达,可本机获取"
BG01,报告/规划,Water and Wastewater Systems Sector-Specific Plan 2015 (NIPP SSP),—,EPA/DHS(美国),2015,英文,已保存,BG01_2015_美国水与污水系统部门专项规划_NIPP_SSP.pdf,https://www.cisa.gov/sites/default/files/publications/nipp-ssp-water-2015-508.pdf,水部门与能源等部门互依专章+附录4互依清单；电力中断对供排水影响与优先恢复,经Wayback镜像下载(CISA反爬)
BG02,报告/规划,Energy Sector-Specific Plan 2015 (NIPP SSP),—,DOE/DHS(美国),2015,英文,已保存,BG02_2015_美国能源部门专项规划_NIPP_SSP.pdf,https://www.cisa.gov/sites/default/files/publications/nipp-ssp-energy-2015-508.pdf,能源部门对水依赖与生命线互依表；跨部门级联效应分析框架,经Wayback镜像下载
BG03,报告,Electricity-Water Critical Infrastructure Interdependencies,—,NASEO(美国州能源官员协会),2021,英文,已保存,BG03_2021_NASEO_电力-水关键基础设施互依性报告.pdf,https://naseo.org/data/sites/1/documents/publications/NASEO%20Electricity-Water%20Critical%20Infrastructure%20Interdependencies%20December%202021%20FINAL.pdf,★直接对口：电力-水互依类型学+停电/干旱情景分析三步法,
BG04,事件调查报告,The February 2021 Cold Weather Outages in Texas and the South Central United States,—,FERC/NERC/区域实体,2021,英文,已保存,BG04_2021_FERC-NERC_德州寒潮大停电调查报告.pdf,https://www.ferc.gov/sites/default/files/2021-12/Cold%20Weather%20Report_%202021_120821.pdf,★级联失效经典案例：寒潮→机组/气源连锁失效→大停电→供水中断完整链条+31条建议,
BG05,事件调查报告,Report on Outages and Curtailments During the Southwest Cold Weather Event of February 2011,—,FERC/NERC,2011,英文,已保存,BG05_2011_FERC-NERC_美西南寒潮停电与限气调查报告.pdf,https://www.nerc.com/globalassets/our-work/reports/event-reports/sw_cold_weather_event_final.pdf,电力-天然气-水互依级联案例：电动泵停机→气产量下降→限气→机组跳机,
BG15,实务指南,Power Resilience Guide for Water and Wastewater Utilities,810-F-23-013,EPA(美国环保署),2023,英文,已保存,BG15_2023_EPA_供水与污水公用事业电力韧性指南.pdf,https://www.epa.gov/system/files/documents/2023-05/PowerResilienceGuide_2023_508c.pdf,★直接对口：水企电力韧性实务——与电力公司协调、停电情景、备用电源、恢复优先序、资金,
BG16,实务工具,Incident Action Checklist: Power Outages (Water Utilities),817-F-21-008,EPA,2019/2021,英文,已保存,BG16_2019_EPA_水企停电事件行动清单.pdf,https://www.epa.gov/sites/default/files/2019-11/documents/191126-incidentactionchecklist-po-form_508c.pdf,水企停电事件'准备-响应-恢复'行动清单,
BD01,新闻报道,清华合肥院建设全国首个城市生命线安全工程,—,清华大学新闻网,2021,中文,已保存(HTML+TXT),BD01_2021_清华新闻_合肥城市生命线安全工程.html/.txt,https://www.tsinghua.edu.cn/info/1175/87870.htm,'清华方案·合肥模式'缘起：供水管网泄漏监测预警成效、安委办〔2021〕6号推广背景,
BD02,新闻报道,科技赋能 守护'城市生命线'——安徽全国率先实现全覆盖,—,央广网,2022,中文,已保存(HTML+TXT),BD02_2022_央广网_安徽率先实现城市生命线全覆盖.html/.txt,https://www.cnr.cn/ah/news/20221117/t20221117_526063978.shtml,省级生命线工程数据：供水管网6341公里监测、多灾种耦合风险治理、向电力拓展,
BD03,新闻报道,从安徽创新到国家行动：城市基础设施生命线安全工程写入政府工作报告,—,中国日报网,2026,中文,已保存(HTML+TXT),BD03_2026_中国日报_城市生命线安全工程写入政府工作报告.html/.txt,http://cnews.chinadaily.com.cn/a/202603/06/WS69aab7cca310942cc49a1e33.html,2026两会最新：生命线工程写入政府工作报告、GB/T 45791-2025实施、交叉耦合风险监测,
BG06,报告,Dams and Energy Sectors Interdependency Study,—,DOE/DHS,2011,英文,已移除,(原BG06_2011_DOE-DHS_大坝与能源部门互依性研究.pdf),https://www.energy.gov/sites/prod/files/Dams-Energy%20Interdependency%20Study.pdf,大坝-能源互依,"移除:无关-口径外(水电/水资源侧,非市政供水网)"
BG07,报告,Decision Support for Integrated Water-Energy Planning (SAND2009-6521),—,Sandia国家实验室,2009,英文,已移除,(原BG07_...SAND2009-6521.pdf),https://www.osti.gov/servlets/purl/976952/,水-能一体化规划系统动力学模型,移除:无关-口径外(国家尺度nexus资源侧)
BG08,报告,Energy-Water Analysis of the 10-year WECC Transmission Plan (SAND2011-7281),—,Sandia/DOE,2011,英文,已移除,(原BG08_...SAND2011-7281.pdf),https://www.osti.gov/servlets/purl/1031314,输电规划水资源约束,移除:无关-口径外(电源侧/资源侧)
BG09,报告,Water-Smart Power,—,UCS,2013,英文,已移除,(原BG09_...pdf),https://www.ucs.org/sites/default/files/2019-09/Water-Smart-Power-Full-Report.pdf,电力系统水约束,移除:无关-口径外(冷却水/资源侧)
BG10,报告,WEO 2016 Special Report: Water-Energy Nexus,—,IEA,2016,英文,已移除,(原BG10_...pdf),https://iea.blob.core.windows.net/assets/e4a7e1a5-b6ed-4f36-911f-b0111e49aab9/WorldEnergyOutlook2016ExcerptWaterEnergyNexus.pdf,全球水-能纽带,移除:无关-口径外(全球宏观背景)
BG11,报告,Energy Demands on Water Resources: Report to Congress,—,DOE/Sandia,2006,英文,已移除,(原BG11_...pdf),https://www.sandia.gov/energy-water/docs/121-RptToCongress-EWwEIAcomments-FINAL.pdf,能源-水互依国会报告,移除:无关-口径外(资源侧)
BG12,报告,"High and Dry: Climate Change, Water, and the Economy",—,世界银行,2016,英文,已移除,(原BG12_...pdf),https://openknowledge.worldbank.org/server/api/core/bitstreams/5bf39931-836c-54da-953f-15d8330d87d3/content,气候-水-经济,移除:无关-口径外(全球宏观)
BG14,报告,UN World Water Development Report 2014: Water and Energy,—,UNESCO/UN-Water,2014,英文,已移除,(原BG14_...pdf),https://unesdoc.unesco.org/ark:/48223/pf0000225741,全球水-能源旗舰报告,移除:无关-口径外(全球宏观)
BG17,实务指南,Emergency Response Planning Guide for Public Drinking Water Systems,331-211,华盛顿州卫生署,—,英文,已移除,(原BG17_...pdf),https://doh.wa.gov/sites/default/files/legacy/Documents/Pubs//331-211.pdf,饮用水系统应急规划指南,移除:冗余(电力韧性内容已被BG15/BG16覆盖)
ZC04,白皮书,我国城市生命线建设(2024-2025)年度白皮书(网页节选),—,icci-ndrc,2025,中文,已移除,(原ZC04_...html/.txt),http://www.icci-ndrc.com/?m=home&c=View&a=index&aid=694,城市生命线建设综述,"移除:冗余(网页节选非全文,与BD01-BD03重复)"
ZC07,政策文件,National Infrastructure Protection Plan (NIPP) 2013,—,DHS,2013,英文,已移除,(原ZC07_...pdf),https://www.cisa.gov/resources-tools/resources/national-infrastructure-protection-plan-nipp,NIPP风险框架总纲,移除:冗余(与PPD-21+两份SSP内容重复)
BD04,新闻报道,城市生命线安全工程'合肥模式'(应急管理部转载),—,应急管理部网站,2021,中文,已移除,(原BD04_...html/.txt),https://www.mem.gov.cn/xw/mtxx/202109/t20210927_399190.shtml,合肥模式报道,"移除:冗余(与BD01同期同题,保留含政策文号的BD01)"
